website,href_lang_links,language_codes,number_of_languages
https://www.lyst.com/,"[<link href=""https://www.lyst.com/"" hreflang=""en-us"" rel=""alternate""/>, <link href=""https://www.lyst.co.uk/"" hreflang=""en-gb"" rel=""alternate""/>, <link href=""https://www.lyst.com/en-au/"" hreflang=""en-au"" rel=""alternate""/>, <link href=""https://www.lyst.com/en-ca/"" hreflang=""en-ca"" rel=""alternate""/>, <link href=""https://www.lyst.com/fr-fr/"" hreflang=""fr-fr"" rel=""alternate""/>, <link href=""https://www.lyst.com/it-it/"" hreflang=""it-it"" rel=""alternate""/>, <link href=""https://www.lyst.com/de-de/"" hreflang=""de-de"" rel=""alternate""/>, <link href=""https://www.lyst.com/es-es/"" hreflang=""es-es"" rel=""alternate""/>, <link href=""https://www.lyst.com/ja-jp/"" hreflang=""ja-jp"" rel=""alternate""/>, <link href=""https://www.lyst.com/nl-nl/"" hreflang=""nl-nl"" rel=""alternate""/>, <link href=""https://www.lyst.com/de-at/"" hreflang=""de-at"" rel=""alternate""/>, <link href=""https://www.lyst.com/de-ch/"" hreflang=""de-ch"" rel=""alternate""/>, <link href=""https://www.lyst.com/nl-be/"" hreflang=""nl-be"" rel=""alternate""/>, <link href=""https://www.lyst.com/"" hreflang=""x-default"" rel=""alternate""/>]","['en-us', 'en-gb', 'en-au', 'en-ca', 'fr-fr', 'it-it', 'de-de', 'es-es', 'ja-jp', 'nl-nl', 'de-at', 'de-ch', 'nl-be', 'x-default']",14
https://www.dollarshaveclub.com/,"[<link href=""https://au.dollarshaveclub.com"" hreflang=""en-AU"" rel=""alternate""/>, <link href=""https://ca.dollarshaveclub.com"" hreflang=""en-CA"" rel=""alternate""/>, <link href=""https://fr-ca.dollarshaveclub.com"" hreflang=""fr-CA"" rel=""alternate""/>, <link href=""https://de.dollarshaveclub.com"" hreflang=""de-DE"" rel=""alternate""/>, <link href=""https://uk.dollarshaveclub.com"" hreflang=""en-GB"" rel=""alternate""/>]","['en-AU', 'en-CA', 'fr-CA', 'de-DE', 'en-GB']",5
https://www.ralphlauren.com/,"[<link href=""https://www.ralphlauren.de/"" hreflang=""de"" rel=""alternate""/>, <link href=""https://www.ralphlauren.ch/"" hreflang=""de-CH"" rel=""alternate""/>, <link href=""https://www.ralphlauren.de/"" hreflang=""de-DE"" rel=""alternate""/>, <link href=""https://www.ralphlauren.co.uk/"" hreflang=""en"" rel=""alternate""/>, <link href=""https://www.ralphlauren.ch/en"" hreflang=""en-CH"" rel=""alternate""/>, <link href=""https://www.ralphlauren.de/en"" hreflang=""en-DE"" rel=""alternate""/>, <link href=""https://www.ralphlauren.es/en"" hreflang=""en-ES"" rel=""alternate""/>, <link href=""https://www.ralphlauren.fr/en"" hreflang=""en-FR"" rel=""alternate""/>, <link href=""https://www.ralphlauren.co.uk/"" hreflang=""en-GB"" rel=""alternate""/>, <link href=""https://www.ralphlauren.com.hk"" hreflang=""en-HK"" rel=""alternate""/>, <link href=""https://www.ralphlauren.ie"" hreflang=""en-IE"" rel=""alternate""/>, <link href=""https://www.ralphlauren.asia/en"" hreflang=""en-IG"" rel=""alternate""/>, <link href=""https://www.ralphlauren.asia/en"" hreflang=""en-IN"" rel=""alternate""/>, <link href=""https://www.ralphlauren.it/en"" hreflang=""en-IT"" rel=""alternate""/>, <link href=""https://www.ralphlauren.com.hk"" hreflang=""en-MO"" rel=""alternate""/>, <link href=""https://www.ralphlauren.asia/en"" hreflang=""en-MY"" rel=""alternate""/>, <link href=""https://www.ralphlauren.asia/en"" hreflang=""en-NZ"" rel=""alternate""/>, <link href=""https://www.ralphlauren.asia/en"" hreflang=""en-PH"" rel=""alternate""/>, <link href=""https://www.ralphlauren.asia/en"" hreflang=""en-SG"" rel=""alternate""/>, <link href=""https://www.ralphlauren.asia/en"" hreflang=""en-TH"" rel=""alternate""/>, <link href=""https://www.ralphlauren.asia/en"" hreflang=""en-TW"" rel=""alternate""/>, <link href=""https://www.ralphlauren.com/"" hreflang=""en-US"" rel=""alternate""/>, <link href=""https://www.ralphlauren.asia/en"" hreflang=""en-VN"" rel=""alternate""/>, <link href=""https://www.ralphlauren.es/"" hreflang=""es"" rel=""alternate""/>, <link href=""https://www.ralphlauren.es/"" hreflang=""es-ES"" rel=""alternate""/>, <link href=""https://www.ralphlauren.fr/"" hreflang=""fr"" rel=""alternate""/>, <link href=""https://www.ralphlauren.ch/fr"" hreflang=""fr-CH"" rel=""alternate""/>, <link href=""https://www.ralphlauren.fr/"" hreflang=""fr-FR"" rel=""alternate""/>, <link href=""https://www.ralphlauren.it/"" hreflang=""it"" rel=""alternate""/>, <link href=""https://www.ralphlauren.it/"" hreflang=""it-IT"" rel=""alternate""/>, <link href=""https://www.ralphlauren.com.hk"" hreflang=""zh-HK"" rel=""alternate""/>, <link href=""https://www.ralphlauren.asia/zh-hant"" hreflang=""zh-IG"" rel=""alternate""/>, <link href=""https://www.ralphlauren.asia/zh-hant"" hreflang=""zh-IN"" rel=""alternate""/>, <link href=""https://www.ralphlauren.com.hk"" hreflang=""zh-MO"" rel=""alternate""/>, <link href=""https://www.ralphlauren.asia/zh-hant"" hreflang=""zh-MY"" rel=""alternate""/>, <link href=""https://www.ralphlauren.asia/zh-hant"" hreflang=""zh-NZ"" rel=""alternate""/>, <link href=""https://www.ralphlauren.asia/zh-hant"" hreflang=""zh-PH"" rel=""alternate""/>, <link href=""https://www.ralphlauren.asia/zh-hant"" hreflang=""zh-SG"" rel=""alternate""/>, <link href=""https://www.ralphlauren.asia/zh-hant"" hreflang=""zh-TH"" rel=""alternate""/>, <link href=""https://www.ralphlauren.asia/zh-hant"" hreflang=""zh-TW"" rel=""alternate""/>, <link href=""https://www.ralphlauren.asia/zh-hant"" hreflang=""zh-VN"" rel=""alternate""/>, <link href=""https://www.ralphlauren.com.au/en"" hreflang=""en-AU"" rel=""alternate""/>, <link href=""https://www.ralphlauren.co.kr/en"" hreflang=""en-KR"" rel=""alternate""/>, <link href=""https://www.ralphlauren.co.jp"" hreflang=""jp-JP"" rel=""alternate""/>, <link href=""https://www.ralphlauren.co.kr/ko"" hreflang=""kr-KR"" rel=""alternate""/>, <link href=""https://www.ralphlauren.cn"" hreflang=""zh-CN"" rel=""alternate""/>]","['de', 'de-CH', 'de-DE', 'en', 'en-CH', 'en-DE', 'en-ES', 'en-FR', 'en-GB', 'en-HK', 'en-IE', 'en-IG', 'en-IN', 'en-IT', 'en-MO', 'en-MY', 'en-NZ', 'en-PH', 'en-SG', 'en-TH', 'en-TW', 'en-US', 'en-VN', 'es', 'es-ES', 'fr', 'fr-CH', 'fr-FR', 'it', 'it-IT', 'zh-HK', 'zh-IG', 'zh-IN', 'zh-MO', 'zh-MY', 'zh-NZ', 'zh-PH', 'zh-SG', 'zh-TH', 'zh-TW', 'zh-VN', 'en-AU', 'en-KR', 'jp-JP', 'kr-KR', 'zh-CN']",46
https://www.logitech.com/en-in,"[<link href=""https://www.logitech.com/en-in"" hreflang=""en-in"" rel=""alternate""/>, <link href=""https://www.logitech.com/es-ar"" hreflang=""es-ar"" rel=""alternate""/>, <link href=""https://www.logitech.com/pt-br"" hreflang=""pt-br"" rel=""alternate""/>, <link href=""https://www.logitech.com/fr-ca"" hreflang=""fr-ca"" rel=""alternate""/>, <link href=""https://www.logitech.com/en-ca"" hreflang=""en-ca"" rel=""alternate""/>, <link href=""https://www.logitech.com/es-mx"" hreflang=""es-mx"" rel=""alternate""/>, <link href=""https://www.logitech.com/en-us"" hreflang=""en-us"" rel=""alternate""/>, <link href=""https://www.logitech.com/es-roam"" hreflang=""es-gy"" rel=""alternate""/>, <link href=""https://www.logitech.com/es-roam"" hreflang=""es-cl"" rel=""alternate""/>, <link href=""https://www.logitech.com/es-roam"" hreflang=""es-bz"" rel=""alternate""/>, <link href=""https://www.logitech.com/es-roam"" hreflang=""es-co"" rel=""alternate""/>, <link href=""https://www.logitech.com/es-roam"" hreflang=""es-cr"" rel=""alternate""/>, <link href=""https://www.logitech.com/es-roam"" hreflang=""es-do"" rel=""alternate""/>, <link href=""https://www.logitech.com/es-roam"" hreflang=""es-ec"" rel=""alternate""/>, <link href=""https://www.logitech.com/es-roam"" hreflang=""es-sv"" rel=""alternate""/>, <link href=""https://www.logitech.com/es-roam"" hreflang=""es-gt"" rel=""alternate""/>, <link href=""https://www.logitech.com/es-roam"" hreflang=""es-hn"" rel=""alternate""/>, <link href=""https://www.logitech.com/es-roam"" hreflang=""es-jm"" rel=""alternate""/>, <link href=""https://www.logitech.com/es-roam"" hreflang=""es-ni"" rel=""alternate""/>, <link href=""https://www.logitech.com/es-roam"" hreflang=""es-py"" rel=""alternate""/>, <link href=""https://www.logitech.com/es-roam"" hreflang=""es-pe"" rel=""alternate""/>, <link href=""https://www.logitech.com/es-roam"" hreflang=""es-uy"" rel=""alternate""/>, <link href=""https://www.logitech.com/es-roam"" hreflang=""es-ve"" rel=""alternate""/>, <link href=""https://www.logitech.com/es-roam"" hreflang=""es-cu"" rel=""alternate""/>, <link href=""https://www.logitech.com/es-roam"" hreflang=""es-gp"" rel=""alternate""/>, <link href=""https://www.logitech.com/es-roam"" hreflang=""es-ht"" rel=""alternate""/>, <link href=""https://www.logitech.com/es-roam"" hreflang=""es-sr"" rel=""alternate""/>, <link href=""https://www.logitech.com/es-roam"" hreflang=""es-pa"" rel=""alternate""/>, <link href=""https://www.logitech.com/es-roam"" hreflang=""es-bo"" rel=""alternate""/>, <link href=""https://www.logitech.com/es-roam"" hreflang=""es-tt"" rel=""alternate""/>, <link href=""https://www.logitech.com/es-roam"" hreflang=""es-bs"" rel=""alternate""/>, <link href=""https://www.logitech.com/es-roam"" hreflang=""es-bb"" rel=""alternate""/>, <link href=""https://www.logitech.com/fr-fr"" hreflang=""fr-fr"" rel=""alternate""/>, <link href=""https://www.logitech.com/da-dk"" hreflang=""da-dk"" rel=""alternate""/>, <link href=""https://www.logitech.com/es-es"" hreflang=""es-es"" rel=""alternate""/>, <link href=""https://www.logitech.com/cs-cz"" hreflang=""cs-cz"" rel=""alternate""/>, <link href=""https://www.logitech.com/fr-ch"" hreflang=""fr-ch"" rel=""alternate""/>, <link href=""https://www.logitech.com/ru-ru"" hreflang=""ru-ru"" rel=""alternate""/>, <link href=""https://www.logitech.com/it-ch"" hreflang=""it-ch"" rel=""alternate""/>, <link href=""https://www.logitech.com/it-it"" hreflang=""it-it"" rel=""alternate""/>, <link href=""https://www.logitech.com/fr-be"" hreflang=""fr-be"" rel=""alternate""/>, <link href=""https://www.logitech.com/de-at"" hreflang=""de-at"" rel=""alternate""/>, <link href=""https://www.logitech.com/fi-fi"" hreflang=""fi-fi"" rel=""alternate""/>, <link href=""https://www.logitech.com/sv-se"" hreflang=""sv-se"" rel=""alternate""/>, <link href=""https://www.logitech.com/de-ch"" hreflang=""de-ch"" rel=""alternate""/>, <link href=""https://www.logitech.com/nl-be"" hreflang=""nl-be"" rel=""alternate""/>, <link href=""https://www.logitech.com/no-no"" hreflang=""no-no"" rel=""alternate""/>, <link href=""https://www.logitech.com/nl-nl"" hreflang=""nl-nl"" rel=""alternate""/>, <link href=""https://www.logitech.com/pl-pl"" hreflang=""pl-pl"" rel=""alternate""/>, <link href=""https://www.logitech.com/tr-tr"" hreflang=""tr-tr"" rel=""alternate""/>, <link href=""https://www.logitech.com/en-za"" hreflang=""en-za"" rel=""alternate""/>, <link href=""https://www.logitech.com/en-gb"" hreflang=""en-gb"" rel=""alternate""/>, <link href=""https://www.logitech.com/en-roeu"" hreflang=""en-pt"" rel=""alternate""/>, <link href=""https://www.logitech.com/en-roeu"" hreflang=""en-bg"" rel=""alternate""/>, <link href=""https://www.logitech.com/en-roeu"" hreflang=""en-lv"" rel=""alternate""/>, <link href=""https://www.logitech.com/en-roeu"" hreflang=""en-lt"" rel=""alternate""/>, <link href=""https://www.logitech.com/en-roeu"" hreflang=""en-ro"" rel=""alternate""/>, <link href=""https://www.logitech.com/en-roeu"" hreflang=""en-sk"" rel=""alternate""/>, <link href=""https://www.logitech.com/en-roeu"" hreflang=""en-hr"" rel=""alternate""/>, <link href=""https://www.logitech.com/en-roeu"" hreflang=""en-ua"" rel=""alternate""/>, <link href=""https://www.logitech.com/en-roeu"" hreflang=""en-si"" rel=""alternate""/>, <link href=""https://www.logitech.com/en-roeu"" hreflang=""en-ie"" rel=""alternate""/>, <link href=""https://www.logitech.com/el-gr"" hreflang=""el-gr"" rel=""alternate""/>, <link href=""https://www.logitech.com/en-ch"" hreflang=""en-ch"" rel=""alternate""/>, <link href=""https://www.logitech.com/hu-hu"" hreflang=""hu-hu"" rel=""alternate""/>, <link href=""https://www.logitech.com/de-de"" hreflang=""de-de"" rel=""alternate""/>, <link href=""https://www.logitech.com/en-ph"" hreflang=""en-ph"" rel=""alternate""/>, <link href=""https://www.logitech.com/en-my"" hreflang=""en-my"" rel=""alternate""/>, <link href=""https://www.logitech.com.cn/zh-cn"" hreflang=""zh-cn"" rel=""alternate""/>, <link href=""https://www.logitech.com/en-nz"" hreflang=""en-nz"" rel=""alternate""/>, <link href=""https://www.logicool.co.jp/ja-jp"" hreflang=""ja-jp"" rel=""alternate""/>, <link href=""https://www.logitech.com/id-id"" hreflang=""id-id"" rel=""alternate""/>, <link href=""https://www.logitech.com/zh-tw"" hreflang=""zh-tw"" rel=""alternate""/>, <link href=""https://www.logitech.com/th-th"" hreflang=""th-th"" rel=""alternate""/>, <link href=""https://www.logitech.com/en-au"" hreflang=""en-au"" rel=""alternate""/>, <link href=""https://www.logitech.com/ko-kr"" hreflang=""ko-kr"" rel=""alternate""/>, <link href=""https://www.logitech.com/en-sg"" hreflang=""en-sg"" rel=""alternate""/>, <link href=""https://www.logitech.com/vi-vn"" hreflang=""vi-vn"" rel=""alternate""/>, <link href=""https://www.logitech.com/zh-hk"" hreflang=""zh-hk"" rel=""alternate""/>, <link href=""https://www.logitech.com/en-hk"" hreflang=""en-hk"" rel=""alternate""/>]","['en-in', 'es-ar', 'pt-br', 'fr-ca', 'en-ca', 'es-mx', 'en-us', 'es-gy', 'es-cl', 'es-bz', 'es-co', 'es-cr', 'es-do', 'es-ec', 'es-sv', 'es-gt', 'es-hn', 'es-jm', 'es-ni', 'es-py', 'es-pe', 'es-uy', 'es-ve', 'es-cu', 'es-gp', 'es-ht', 'es-sr', 'es-pa', 'es-bo', 'es-tt', 'es-bs', 'es-bb', 'fr-fr', 'da-dk', 'es-es', 'cs-cz', 'fr-ch', 'ru-ru', 'it-ch', 'it-it', 'fr-be', 'de-at', 'fi-fi', 'sv-se', 'de-ch', 'nl-be', 'no-no', 'nl-nl', 'pl-pl', 'tr-tr', 'en-za', 'en-gb', 'en-pt', 'en-bg', 'en-lv', 'en-lt', 'en-ro', 'en-sk', 'en-hr', 'en-ua', 'en-si', 'en-ie', 'el-gr', 'en-ch', 'hu-hu', 'de-de', 'en-ph', 'en-my', 'zh-cn', 'en-nz', 'ja-jp', 'id-id', 'zh-tw', 'th-th', 'en-au', 'ko-kr', 'en-sg', 'vi-vn', 'zh-hk', 'en-hk']",80
https://www.harley-davidson.com/in/en/index.html,"[<link href=""https://www.harley-davidson.com/us/en/index.html"" hreflang=""x-default"" rel=""alternate""/>, <link href=""https://www.harley-davidson.com/la/es/index.html"" hreflang=""es-ar"" rel=""alternate""/>, <link href=""https://www.harley-davidson.com/la/es/index.html"" hreflang=""es-bz"" rel=""alternate""/>, <link href=""https://www.harley-davidson.com/la/es/index.html"" hreflang=""es-cl"" rel=""alternate""/>, <link href=""https://www.harley-davidson.com/la/es/index.html"" hreflang=""es-co"" rel=""alternate""/>, <link href=""https://www.harley-davidson.com/la/es/index.html"" hreflang=""es-cr"" rel=""alternate""/>, <link href=""https://www.harley-davidson.com/la/es/index.html"" hreflang=""es-do"" rel=""alternate""/>, <link href=""https://www.harley-davidson.com/la/es/index.html"" hreflang=""es-ec"" rel=""alternate""/>, <link href=""https://www.harley-davidson.com/la/es/index.html"" hreflang=""es-gt"" rel=""alternate""/>, <link href=""https://www.harley-davidson.com/la/es/index.html"" hreflang=""es-pa"" rel=""alternate""/>, <link href=""https://www.harley-davidson.com/la/es/index.html"" hreflang=""es-pe"" rel=""alternate""/>, <link href=""https://www.harley-davidson.com/la/es/index.html"" hreflang=""es-py"" rel=""alternate""/>, <link href=""https://www.harley-davidson.com/la/es/index.html"" hreflang=""es-sv"" rel=""alternate""/>, <link href=""https://www.harley-davidson.com/la/es/index.html"" hreflang=""es-uy"" rel=""alternate""/>, <link href=""https://www.harley-davidson.com/es/es/index.html"" hreflang=""es-ad"" rel=""alternate""/>, <link href=""https://www.harley-davidson.com/au/en/index.html"" hreflang=""en-au"" rel=""alternate""/>, <link href=""https://www.harley-davidson.com/be/nl/index.html"" hreflang=""nl-be"" rel=""alternate""/>, <link href=""https://www.harley-davidson.com/be/fr/index.html"" hreflang=""fr-be"" rel=""alternate""/>, <link href=""https://www.harley-davidson.com/br/pt/index.html"" hreflang=""pt-br"" rel=""alternate""/>, <link href=""https://www.harley-davidson.com/ca/en/index.html"" hreflang=""en-ca"" rel=""alternate""/>, <link href=""https://www.harley-davidson.com/ca/fr/index.html"" hreflang=""fr-ca"" rel=""alternate""/>, <link href=""https://www.harley-davidson.com/cz/cs/index.html"" hreflang=""cs"" rel=""alternate""/>, <link href=""https://www.harley-davidson.com/cn/zh/index.html"" hreflang=""zh-Hans"" rel=""alternate""/>, <link href=""https://www.harley-davidson.com/dk/da/index.html"" hreflang=""da"" rel=""alternate""/>, <link href=""https://www.harley-davidson.com/de/de/index.html"" hreflang=""de-de"" rel=""alternate""/>, <link href=""https://www.harley-davidson.com/es/es/index.html"" hreflang=""es-es"" rel=""alternate""/>, <link href=""https://www.harley-davidson.com/fr/fr/index.html"" hreflang=""fr-fr"" rel=""alternate""/>, <link href=""https://www.harley-davidson.com/in/en/index.html"" hreflang=""en-in"" rel=""alternate""/>, <link href=""https://www.harley-davidson.com/id/id/index.html"" hreflang=""id"" rel=""alternate""/>, <link href=""https://www.harley-davidson.com/ie/en/index.html"" hreflang=""en-ie"" rel=""alternate""/>, <link href=""https://www.harley-davidson.com/it/it/index.html"" hreflang=""it"" rel=""alternate""/>, <link href=""https://www.harley-davidson.com/jp/ja/index.html"" hreflang=""ja"" rel=""alternate""/>, <link href=""https://www.harley-davidson.com/ru/ru/index.html"" hreflang=""ru"" rel=""alternate""/>, <link href=""https://www.harley-davidson.com/kr/ko/index.html"" hreflang=""ko"" rel=""alternate""/>, <link href=""https://www.harley-davidson.com/lu/fr/index.html"" hreflang=""fr-lu"" rel=""alternate""/>, <link href=""https://www.harley-davidson.com/hu/hu/index.html"" hreflang=""hu"" rel=""alternate""/>, <link href=""https://www.harley-davidson.com/mx/es/index.html"" hreflang=""es-mx"" rel=""alternate""/>, <link href=""https://www.harley-davidson.com/nl/nl/index.html"" hreflang=""nl-nl"" rel=""alternate""/>, <link href=""https://www.harley-davidson.com/nz/en/index.html"" hreflang=""en-nz"" rel=""alternate""/>, <link href=""https://www.harley-davidson.com/no/no/index.html"" hreflang=""no"" rel=""alternate""/>, <link href=""https://www.harley-davidson.com/at/de/index.html"" hreflang=""de-at"" rel=""alternate""/>, <link href=""https://www.harley-davidson.com/pl/pl/index.html"" hreflang=""pl"" rel=""alternate""/>, <link href=""https://www.harley-davidson.com/pt/pt/index.html"" hreflang=""pt-pt"" rel=""alternate""/>, <link href=""https://www.harley-davidson.com/ch/de/index.html"" hreflang=""de-ch"" rel=""alternate""/>, <link href=""https://www.harley-davidson.com/ch/fr/index.html"" hreflang=""fr-ch"" rel=""alternate""/>, <link href=""https://www.harley-davidson.com/fi/fi/index.html"" hreflang=""fi"" rel=""alternate""/>, <link href=""https://www.harley-davidson.com/ch/it/index.html"" hreflang=""it-ch"" rel=""alternate""/>, <link href=""https://www.harley-davidson.com/se/sv/index.html"" hreflang=""sv"" rel=""alternate""/>, <link href=""https://www.harley-davidson.com/tw/zh/index.html"" hreflang=""zh-Hant"" rel=""alternate""/>, <link href=""https://www.harley-davidson.com/th/th/index.html"" hreflang=""th"" rel=""alternate""/>, <link href=""https://www.harley-davidson.com/tr/tr/index.html"" hreflang=""tr"" rel=""alternate""/>, <link href=""https://www.harley-davidson.com/gb/en/index.html"" hreflang=""en-gb"" rel=""alternate""/>, <link href=""https://www.harley-davidson.com/us/en/index.html"" hreflang=""en-us"" rel=""alternate""/>, <link href=""https://www.harley-davidson.com/vn/vi/index.html"" hreflang=""vi"" rel=""alternate""/>, <link href=""https://www.harley-davidson.com/aa/en/index.html"" hreflang=""en-ao"" rel=""alternate""/>, <link href=""https://www.harley-davidson.com/aa/en/index.html"" hreflang=""en-bf"" rel=""alternate""/>, <link href=""https://www.harley-davidson.com/aa/en/index.html"" hreflang=""en-bi"" rel=""alternate""/>, <link href=""https://www.harley-davidson.com/aa/en/index.html"" hreflang=""en-bj"" rel=""alternate""/>, <link href=""https://www.harley-davidson.com/aa/en/index.html"" hreflang=""en-bw"" rel=""alternate""/>, <link href=""https://www.harley-davidson.com/aa/en/index.html"" hreflang=""en-cd"" rel=""alternate""/>, <link href=""https://www.harley-davidson.com/aa/en/index.html"" hreflang=""en-cf"" rel=""alternate""/>, <link href=""https://www.harley-davidson.com/aa/en/index.html"" hreflang=""en-cg"" rel=""alternate""/>, <link href=""https://www.harley-davidson.com/aa/en/index.html"" hreflang=""en-cm"" rel=""alternate""/>, <link href=""https://www.harley-davidson.com/aa/en/index.html"" hreflang=""en-cv"" rel=""alternate""/>, <link href=""https://www.harley-davidson.com/aa/en/index.html"" hreflang=""en-dj"" rel=""alternate""/>, <link href=""https://www.harley-davidson.com/aa/en/index.html"" hreflang=""en-dz"" rel=""alternate""/>, <link href=""https://www.harley-davidson.com/aa/en/index.html"" hreflang=""en-er"" rel=""alternate""/>, <link href=""https://www.harley-davidson.com/aa/en/index.html"" hreflang=""en-et"" rel=""alternate""/>, <link href=""https://www.harley-davidson.com/aa/en/index.html"" hreflang=""en-ga"" rel=""alternate""/>, <link href=""https://www.harley-davidson.com/aa/en/index.html"" hreflang=""en-gh"" rel=""alternate""/>, <link href=""https://www.harley-davidson.com/aa/en/index.html"" hreflang=""en-gm"" rel=""alternate""/>, <link href=""https://www.harley-davidson.com/aa/en/index.html"" hreflang=""en-gn"" rel=""alternate""/>, <link href=""https://www.harley-davidson.com/aa/en/index.html"" hreflang=""en-gq"" rel=""alternate""/>, <link href=""https://www.harley-davidson.com/aa/en/index.html"" hreflang=""en-gw"" rel=""alternate""/>, <link href=""https://www.harley-davidson.com/aa/en/index.html"" hreflang=""en-ke"" rel=""alternate""/>, <link href=""https://www.harley-davidson.com/aa/en/index.html"" hreflang=""en-km"" rel=""alternate""/>, <link href=""https://www.harley-davidson.com/aa/en/index.html"" hreflang=""en-lr"" rel=""alternate""/>, <link href=""https://www.harley-davidson.com/aa/en/index.html"" hreflang=""en-ls"" rel=""alternate""/>, <link href=""https://www.harley-davidson.com/aa/en/index.html"" hreflang=""en-ly"" rel=""alternate""/>, <link href=""https://www.harley-davidson.com/aa/en/index.html"" hreflang=""en-mg"" rel=""alternate""/>, <link href=""https://www.harley-davidson.com/aa/en/index.html"" hreflang=""en-ml"" rel=""alternate""/>, <link href=""https://www.harley-davidson.com/aa/en/index.html"" hreflang=""en-mr"" rel=""alternate""/>, <link href=""https://www.harley-davidson.com/aa/en/index.html"" hreflang=""en-mu"" rel=""alternate""/>, <link href=""https://www.harley-davidson.com/aa/en/index.html"" hreflang=""en-mw"" rel=""alternate""/>, <link href=""https://www.harley-davidson.com/aa/en/index.html"" hreflang=""en-mz"" rel=""alternate""/>, <link href=""https://www.harley-davidson.com/aa/en/index.html"" hreflang=""en-na"" rel=""alternate""/>, <link href=""https://www.harley-davidson.com/aa/en/index.html"" hreflang=""en-ne"" rel=""alternate""/>, <link href=""https://www.harley-davidson.com/aa/en/index.html"" hreflang=""en-ng"" rel=""alternate""/>, <link href=""https://www.harley-davidson.com/aa/en/index.html"" hreflang=""en-re"" rel=""alternate""/>, <link href=""https://www.harley-davidson.com/aa/en/index.html"" hreflang=""en-rw"" rel=""alternate""/>, <link href=""https://www.harley-davidson.com/aa/en/index.html"" hreflang=""en-sc"" rel=""alternate""/>, <link href=""https://www.harley-davidson.com/aa/en/index.html"" hreflang=""en-sd"" rel=""alternate""/>, <link href=""https://www.harley-davidson.com/aa/en/index.html"" hreflang=""en-sh"" rel=""alternate""/>, <link href=""https://www.harley-davidson.com/aa/en/index.html"" hreflang=""en-sl"" rel=""alternate""/>, <link href=""https://www.harley-davidson.com/aa/en/index.html"" hreflang=""en-sn"" rel=""alternate""/>, <link href=""https://www.harley-davidson.com/aa/en/index.html"" hreflang=""en-so"" rel=""alternate""/>, <link href=""https://www.harley-davidson.com/aa/en/index.html"" hreflang=""en-ss"" rel=""alternate""/>, <link href=""https://www.harley-davidson.com/aa/en/index.html"" hreflang=""en-sz"" rel=""alternate""/>, <link href=""https://www.harley-davidson.com/aa/en/index.html"" hreflang=""en-td"" rel=""alternate""/>, <link href=""https://www.harley-davidson.com/aa/en/index.html"" hreflang=""en-tg"" rel=""alternate""/>, <link href=""https://www.harley-davidson.com/aa/en/index.html"" hreflang=""en-tn"" rel=""alternate""/>, <link href=""https://www.harley-davidson.com/aa/en/index.html"" hreflang=""en-tz"" rel=""alternate""/>, <link href=""https://www.harley-davidson.com/aa/en/index.html"" hreflang=""en-ug"" rel=""alternate""/>, <link href=""https://www.harley-davidson.com/aa/en/index.html"" hreflang=""en-yt"" rel=""alternate""/>, <link href=""https://www.harley-davidson.com/aa/en/index.html"" hreflang=""en-za"" rel=""alternate""/>, <link href=""https://www.harley-davidson.com/aa/en/index.html"" hreflang=""en-zm"" rel=""alternate""/>, <link href=""https://www.harley-davidson.com/aa/en/index.html"" hreflang=""en-zw"" rel=""alternate""/>, <link href=""https://www.harley-davidson.com/ap/en/index.html"" hreflang=""en-aq"" rel=""alternate""/>, <link href=""https://www.harley-davidson.com/ap/en/index.html"" hreflang=""en-as"" rel=""alternate""/>, <link href=""https://www.harley-davidson.com/ap/en/index.html"" hreflang=""en-bd"" rel=""alternate""/>, <link href=""https://www.harley-davidson.com/ap/en/index.html"" hreflang=""en-bn"" rel=""alternate""/>, <link href=""https://www.harley-davidson.com/ap/en/index.html"" hreflang=""en-bt"" rel=""alternate""/>, <link href=""https://www.harley-davidson.com/ap/en/index.html"" hreflang=""en-ck"" rel=""alternate""/>, <link href=""https://www.harley-davidson.com/ap/en/index.html"" hreflang=""en-cx"" rel=""alternate""/>, <link href=""https://www.harley-davidson.com/ap/en/index.html"" hreflang=""en-fj"" rel=""alternate""/>, <link href=""https://www.harley-davidson.com/ap/en/index.html"" hreflang=""en-fm"" rel=""alternate""/>, <link href=""https://www.harley-davidson.com/ap/en/index.html"" hreflang=""en-hk"" rel=""alternate""/>, <link href=""https://www.harley-davidson.com/ap/en/index.html"" hreflang=""en-io"" rel=""alternate""/>, <link href=""https://www.harley-davidson.com/ap/en/index.html"" hreflang=""en-kg"" rel=""alternate""/>, <link href=""https://www.harley-davidson.com/ap/en/index.html"" hreflang=""en-kh"" rel=""alternate""/>, <link href=""https://www.harley-davidson.com/ap/en/index.html"" hreflang=""en-ki"" rel=""alternate""/>, <link href=""https://www.harley-davidson.com/ap/en/index.html"" hreflang=""en-lk"" rel=""alternate""/>, <link href=""https://www.harley-davidson.com/ap/en/index.html"" hreflang=""en-mh"" rel=""alternate""/>, <link href=""https://www.harley-davidson.com/ap/en/index.html"" hreflang=""en-mm"" rel=""alternate""/>, <link href=""https://www.harley-davidson.com/ap/en/index.html"" hreflang=""en-mn"" rel=""alternate""/>, <link href=""https://www.harley-davidson.com/ap/en/index.html"" hreflang=""en-mo"" rel=""alternate""/>, <link href=""https://www.harley-davidson.com/ap/en/index.html"" hreflang=""en-mp"" rel=""alternate""/>, <link href=""https://www.harley-davidson.com/ap/en/index.html"" hreflang=""en-mv"" rel=""alternate""/>, <link href=""https://www.harley-davidson.com/ap/en/index.html"" hreflang=""en-my"" rel=""alternate""/>, <link href=""https://www.harley-davidson.com/ap/en/index.html"" hreflang=""en-nc"" rel=""alternate""/>, <link href=""https://www.harley-davidson.com/ap/en/index.html"" hreflang=""en-nf"" rel=""alternate""/>, <link href=""https://www.harley-davidson.com/ap/en/index.html"" hreflang=""en-np"" rel=""alternate""/>, <link href=""https://www.harley-davidson.com/ap/en/index.html"" hreflang=""en-nr"" rel=""alternate""/>, <link href=""https://www.harley-davidson.com/ap/en/index.html"" hreflang=""en-nu"" rel=""alternate""/>, <link href=""https://www.harley-davidson.com/ap/en/index.html"" hreflang=""en-pf"" rel=""alternate""/>, <link href=""https://www.harley-davidson.com/ap/en/index.html"" hreflang=""en-pg"" rel=""alternate""/>, <link href=""https://www.harley-davidson.com/ap/en/index.html"" hreflang=""en-ph"" rel=""alternate""/>, <link href=""https://www.harley-davidson.com/ap/en/index.html"" hreflang=""en-pk"" rel=""alternate""/>, <link href=""https://www.harley-davidson.com/ap/en/index.html"" hreflang=""en-pw"" rel=""alternate""/>, <link href=""https://www.harley-davidson.com/ap/en/index.html"" hreflang=""en-sb"" rel=""alternate""/>, <link href=""https://www.harley-davidson.com/ap/en/index.html"" hreflang=""en-sg"" rel=""alternate""/>, <link href=""https://www.harley-davidson.com/ap/en/index.html"" hreflang=""en-ss"" rel=""alternate""/>, <link href=""https://www.harley-davidson.com/ap/en/index.html"" hreflang=""en-tj"" rel=""alternate""/>, <link href=""https://www.harley-davidson.com/ap/en/index.html"" hreflang=""en-tk"" rel=""alternate""/>, <link href=""https://www.harley-davidson.com/ap/en/index.html"" hreflang=""en-tl"" rel=""alternate""/>, <link href=""https://www.harley-davidson.com/ap/en/index.html"" hreflang=""en-tm"" rel=""alternate""/>, <link href=""https://www.harley-davidson.com/ap/en/index.html"" hreflang=""en-to"" rel=""alternate""/>, <link href=""https://www.harley-davidson.com/ap/en/index.html"" hreflang=""en-tv"" rel=""alternate""/>, <link href=""https://www.harley-davidson.com/ap/en/index.html"" hreflang=""en-um"" rel=""alternate""/>, <link href=""https://www.harley-davidson.com/ap/en/index.html"" hreflang=""en-uz"" rel=""alternate""/>, <link href=""https://www.harley-davidson.com/ap/en/index.html"" hreflang=""en-vu"" rel=""alternate""/>, <link href=""https://www.harley-davidson.com/ap/en/index.html"" hreflang=""en-wf"" rel=""alternate""/>, <link href=""https://www.harley-davidson.com/ap/en/index.html"" hreflang=""en-ws"" rel=""alternate""/>, <link href=""https://www.harley-davidson.com/eu/en/index.html"" hreflang=""en-ad"" rel=""alternate""/>, <link href=""https://www.harley-davidson.com/eu/en/index.html"" hreflang=""en-al"" rel=""alternate""/>, <link href=""https://www.harley-davidson.com/eu/en/index.html"" hreflang=""en-ba"" rel=""alternate""/>, <link href=""https://www.harley-davidson.com/eu/en/index.html"" hreflang=""en-bg"" rel=""alternate""/>, <link href=""https://www.harley-davidson.com/eu/en/index.html"" hreflang=""en-by"" rel=""alternate""/>, <link href=""https://www.harley-davidson.com/eu/en/index.html"" hreflang=""en-cy"" rel=""alternate""/>, <link href=""https://www.harley-davidson.com/eu/en/index.html"" hreflang=""en-ee"" rel=""alternate""/>, <link href=""https://www.harley-davidson.com/eu/en/index.html"" hreflang=""en-fo"" rel=""alternate""/>, <link href=""https://www.harley-davidson.com/eu/en/index.html"" hreflang=""en-gi"" rel=""alternate""/>, <link href=""https://www.harley-davidson.com/eu/en/index.html"" hreflang=""en-hr"" rel=""alternate""/>, <link href=""https://www.harley-davidson.com/eu/en/index.html"" hreflang=""en-im"" rel=""alternate""/>, <link href=""https://www.harley-davidson.com/eu/en/index.html"" hreflang=""en-is"" rel=""alternate""/>, <link href=""https://www.harley-davidson.com/eu/en/index.html"" hreflang=""en-li"" rel=""alternate""/>, <link href=""https://www.harley-davidson.com/eu/en/index.html"" hreflang=""en-lt"" rel=""alternate""/>, <link href=""https://www.harley-davidson.com/eu/en/index.html"" hreflang=""en-lv"" rel=""alternate""/>, <link href=""https://www.harley-davidson.com/eu/en/index.html"" hreflang=""en-mc"" rel=""alternate""/>, <link href=""https://www.harley-davidson.com/eu/en/index.html"" hreflang=""en-md"" rel=""alternate""/>, <link href=""https://www.harley-davidson.com/eu/en/index.html"" hreflang=""en-me"" rel=""alternate""/>, <link href=""https://www.harley-davidson.com/eu/en/index.html"" hreflang=""en-mk"" rel=""alternate""/>, <link href=""https://www.harley-davidson.com/eu/en/index.html"" hreflang=""en-mt"" rel=""alternate""/>, <link href=""https://www.harley-davidson.com/eu/en/index.html"" hreflang=""en-no"" rel=""alternate""/>, <link href=""https://www.harley-davidson.com/eu/en/index.html"" hreflang=""en-ro"" rel=""alternate""/>, <link href=""https://www.harley-davidson.com/eu/en/index.html"" hreflang=""en-rs"" rel=""alternate""/>, <link href=""https://www.harley-davidson.com/eu/en/index.html"" hreflang=""en-si"" rel=""alternate""/>, <link href=""https://www.harley-davidson.com/eu/en/index.html"" hreflang=""en-sk"" rel=""alternate""/>, <link href=""https://www.harley-davidson.com/eu/en/index.html"" hreflang=""en-sm"" rel=""alternate""/>, <link href=""https://www.harley-davidson.com/eu/en/index.html"" hreflang=""en-ua"" rel=""alternate""/>, <link href=""https://www.harley-davidson.com/eu/en/index.html"" hreflang=""en-gr"" rel=""alternate""/>, <link href=""https://www.harley-davidson.com/ac/ar/index.html"" hreflang=""ar"" rel=""alternate""/>, <link href=""https://www.harley-davidson.com/ac/en/index.html"" hreflang=""en-ae"" rel=""alternate""/>, <link href=""https://www.harley-davidson.com/ac/en/index.html"" hreflang=""en-bh"" rel=""alternate""/>, <link href=""https://www.harley-davidson.com/ac/en/index.html"" hreflang=""en-cy"" rel=""alternate""/>, <link href=""https://www.harley-davidson.com/ac/en/index.html"" hreflang=""en-eg"" rel=""alternate""/>, <link href=""https://www.harley-davidson.com/ac/en/index.html"" hreflang=""en-il"" rel=""alternate""/>, <link href=""https://www.harley-davidson.com/ac/en/index.html"" hreflang=""en-iq"" rel=""alternate""/>, <link href=""https://www.harley-davidson.com/ac/en/index.html"" hreflang=""en-ir"" rel=""alternate""/>, <link href=""https://www.harley-davidson.com/ac/en/index.html"" hreflang=""en-jo"" rel=""alternate""/>, <link href=""https://www.harley-davidson.com/ac/en/index.html"" hreflang=""en-kw"" rel=""alternate""/>, <link href=""https://www.harley-davidson.com/ac/en/index.html"" hreflang=""en-lb"" rel=""alternate""/>, <link href=""https://www.harley-davidson.com/ac/en/index.html"" hreflang=""en-ma"" rel=""alternate""/>, <link href=""https://www.harley-davidson.com/ac/en/index.html"" hreflang=""en-om"" rel=""alternate""/>, <link href=""https://www.harley-davidson.com/ac/en/index.html"" hreflang=""en-qa"" rel=""alternate""/>, <link href=""https://www.harley-davidson.com/ac/en/index.html"" hreflang=""en-sa"" rel=""alternate""/>, <link href=""https://www.harley-davidson.com/ac/en/index.html"" hreflang=""en-sy"" rel=""alternate""/>, <link href=""https://www.harley-davidson.com/ac/en/index.html"" hreflang=""en-ye"" rel=""alternate""/>]","['x-default', 'es-ar', 'es-bz', 'es-cl', 'es-co', 'es-cr', 'es-do', 'es-ec', 'es-gt', 'es-pa', 'es-pe', 'es-py', 'es-sv', 'es-uy', 'es-ad', 'en-au', 'nl-be', 'fr-be', 'pt-br', 'en-ca', 'fr-ca', 'cs', 'zh-Hans', 'da', 'de-de', 'es-es', 'fr-fr', 'en-in', 'id', 'en-ie', 'it', 'ja', 'ru', 'ko', 'fr-lu', 'hu', 'es-mx', 'nl-nl', 'en-nz', 'no', 'de-at', 'pl', 'pt-pt', 'de-ch', 'fr-ch', 'fi', 'it-ch', 'sv', 'zh-Hant', 'th', 'tr', 'en-gb', 'en-us', 'vi', 'en-ao', 'en-bf', 'en-bi', 'en-bj', 'en-bw', 'en-cd', 'en-cf', 'en-cg', 'en-cm', 'en-cv', 'en-dj', 'en-dz', 'en-er', 'en-et', 'en-ga', 'en-gh', 'en-gm', 'en-gn', 'en-gq', 'en-gw', 'en-ke', 'en-km', 'en-lr', 'en-ls', 'en-ly', 'en-mg', 'en-ml', 'en-mr', 'en-mu', 'en-mw', 'en-mz', 'en-na', 'en-ne', 'en-ng', 'en-re', 'en-rw', 'en-sc', 'en-sd', 'en-sh', 'en-sl', 'en-sn', 'en-so', 'en-ss', 'en-sz', 'en-td', 'en-tg', 'en-tn', 'en-tz', 'en-ug', 'en-yt', 'en-za', 'en-zm', 'en-zw', 'en-aq', 'en-as', 'en-bd', 'en-bn', 'en-bt', 'en-ck', 'en-cx', 'en-fj', 'en-fm', 'en-hk', 'en-io', 'en-kg', 'en-kh', 'en-ki', 'en-lk', 'en-mh', 'en-mm', 'en-mn', 'en-mo', 'en-mp', 'en-mv', 'en-my', 'en-nc', 'en-nf', 'en-np', 'en-nr', 'en-nu', 'en-pf', 'en-pg', 'en-ph', 'en-pk', 'en-pw', 'en-sb', 'en-sg', 'en-ss', 'en-tj', 'en-tk', 'en-tl', 'en-tm', 'en-to', 'en-tv', 'en-um', 'en-uz', 'en-vu', 'en-wf', 'en-ws', 'en-ad', 'en-al', 'en-ba', 'en-bg', 'en-by', 'en-cy', 'en-ee', 'en-fo', 'en-gi', 'en-hr', 'en-im', 'en-is', 'en-li', 'en-lt', 'en-lv', 'en-mc', 'en-md', 'en-me', 'en-mk', 'en-mt', 'en-no', 'en-ro', 'en-rs', 'en-si', 'en-sk', 'en-sm', 'en-ua', 'en-gr', 'ar', 'en-ae', 'en-bh', 'en-cy', 'en-eg', 'en-il', 'en-iq', 'en-ir', 'en-jo', 'en-kw', 'en-lb', 'en-ma', 'en-om', 'en-qa', 'en-sa', 'en-sy', 'en-ye']",198
https://www.rockstargames.com/,"[<link href=""https://www.rockstargames.com/"" hreflang=""en-US"" rel=""alternate""/>, <link href=""https://www.rockstargames.com/de/"" hreflang=""de-DE"" rel=""alternate""/>, <link href=""https://www.rockstargames.com/fr/"" hreflang=""fr-FR"" rel=""alternate""/>, <link href=""https://www.rockstargames.com/it/"" hreflang=""it-IT"" rel=""alternate""/>, <link href=""https://www.rockstargames.com/jp/"" hreflang=""ja-JP"" rel=""alternate""/>, <link href=""https://www.rockstargames.com/ru/"" hreflang=""ru-RU"" rel=""alternate""/>, <link href=""https://www.rockstargames.com/es/"" hreflang=""es-ES"" rel=""alternate""/>, <link href=""https://www.rockstargames.com/mx/"" hreflang=""es-MX"" rel=""alternate""/>, <link href=""https://www.rockstargames.com/br/"" hreflang=""pt-BR"" rel=""alternate""/>, <link href=""https://www.rockstargames.com/kr/"" hreflang=""ko-KR"" rel=""alternate""/>, <link href=""https://www.rockstargames.com/zh/"" hreflang=""zh-Hans"" rel=""alternate""/>, <link href=""https://www.rockstargames.com/tw/"" hreflang=""zh-TW"" rel=""alternate""/>, <link href=""https://www.rockstargames.com/pl/"" hreflang=""pl-PL"" rel=""alternate""/>]","['en-US', 'de-DE', 'fr-FR', 'it-IT', 'ja-JP', 'ru-RU', 'es-ES', 'es-MX', 'pt-BR', 'ko-KR', 'zh-Hans', 'zh-TW', 'pl-PL']",13
https://www.wendys.com/,"[<link href=""https://www.wendys.com/"" hreflang=""en-us"" rel=""alternate""/>, <link href=""https://www.wendys.com/es-US"" hreflang=""es-US"" rel=""alternate""/>, <link href=""https://www.wendys.com/en-ca"" hreflang=""en-ca"" rel=""alternate""/>, <link href=""https://www.wendys.com/fr-ca"" hreflang=""fr-ca"" rel=""alternate""/>, <link href=""https://www.wendys.com/es-mx"" hreflang=""es-mx"" rel=""alternate""/>, <link href=""https://www.wendys.com/en-uk"" hreflang=""en-uk"" rel=""alternate""/>]","['en-us', 'es-US', 'en-ca', 'fr-ca', 'es-mx', 'en-uk']",6
https://www.hawaiianairlines.com/,"[<link href=""https://www.hawaiianairlines.co.kr/"" hreflang=""ko-kr"" rel=""alternate""/>, <link href=""https://www.hawaiianairlines.co.jp/"" hreflang=""ja-JP"" rel=""alternate""/>, <link href=""https://www.hawaiianairlines.com.cn/"" hreflang=""zh-CN"" rel=""alternate""/>, <link href=""https://www.hawaiianairlines.co.nz/"" hreflang=""en-NZ"" rel=""alternate""/>, <link href=""https://www.hawaiianairlines.com.au/"" hreflang=""en-AU"" rel=""alternate""/>, <link href=""https://www.hawaiianairlines.com/"" hreflang=""en-US"" rel=""alternate""/>, <link href=""https://www.hawaiianairlines.com/"" hreflang=""x-default"" rel=""alternate""/>]","['ko-kr', 'ja-JP', 'zh-CN', 'en-NZ', 'en-AU', 'en-US', 'x-default']",7
https://www.horoscope.com/us/index.aspx,"[<link href=""https://www.horoscope.com/us/index.aspx"" hreflang=""en"" rel=""alternate""/>, <link href=""https://www.horoscope.com/fr/index.aspx"" hreflang=""fr"" rel=""alternate""/>, <link href=""https://www.horoscopo.com/"" hreflang=""es"" rel=""alternate""/>]","['en', 'fr', 'es']",3
